{"cameraMode":{"drawMode":0,"name":"Shaded","section":"Shading Mode"},"sceneLighting":true,"audioPlay":false,"sceneViewState":{"showFog":true,"showMaterialUpdate":false,"showSkybox":true,"showFlares":true,"showImageEffects":true,"showParticleSystems":true},"in2DMode":false,"pivot":{"x":-7.240896224975586,"y":-8.141200065612793,"z":-3.4061741828918459},"rotation":{"x":0.23151589930057527,"y":-0.675338864326477,"z":0.23716646432876588,"w":0.6588958501815796},"size":43.078861236572269,"orthographic":false}